<?xml version="1.0" encoding="UTF-8"?><ImplementationGuide xmlns="http://hl7.org/fhir"><id value="ig"/><text><status value="generated"/><div xmlns="http://www.w3.org/1999/xhtml"><h2>Data Exchange For Quality Measures R4 Artifacts</h2><p>The official URL for this implementation guide is: </p><pre>http://hl7.org/fhir/us/davinci-deqm-r4/ImplementationGuide/ig</pre></div></text><url value="http://hl7.org/fhir/us/davinci-deqm-r4/ImplementationGuide/ig"/><version value="0.0.0"/><name value="Data Exchange For Quality Measures R4 Artifacts"/><status value="draft"/><publisher value="DaVinci Project"/><copyright value="Used by permission of DaVinci Project, all rights reserved Creative Commons License"/><packageId value="hl7.fhir.davinci.deqm.r4"/><license value="CC0-1.0"/><fhirVersion value="3.4.0"/><definition><package id="profile-library-deqm-spreadsheet.xml"><name value="profile-library-deqm"/></package><package id="profile-measure-deqm-spreadsheet.xml"><name value="profile-measure-deqm"/></package><package id="profile-measurereport-deqm-spreadsheet.xml"><name value="profile-measurereport-deqm"/></package><package id="profile-subcription-deqm-spreadsheet.xml"><name value="profile-subscription-deqm"/></package><resource><extension url="http://hl7.org/fhir/StructureDefinition/implementationguide-page"><valueUri value="StructureDefinition-extension-measureSubscription.html"/></extension><reference><reference value="StructureDefinition/extension-measureSubscription"/></reference><exampleBoolean value="false"/></resource><resource><extension url="http://hl7.org/fhir/StructureDefinition/implementationguide-page"><valueUri value="StructureDefinition-subscription-deqm.html"/></extension><reference><reference value="StructureDefinition/subscription-deqm"/></reference><exampleBoolean value="false"/></resource><resource><extension url="http://hl7.org/fhir/StructureDefinition/implementationguide-page"><valueUri value="StructureDefinition-measurereport-deqm.html"/></extension><reference><reference value="StructureDefinition/measurereport-deqm"/></reference><exampleBoolean value="false"/></resource><resource><extension url="http://hl7.org/fhir/StructureDefinition/implementationguide-page"><valueUri value="StructureDefinition-measure-deqm.html"/></extension><reference><reference value="StructureDefinition/measure-deqm"/></reference><exampleBoolean value="false"/></resource><resource><extension url="http://hl7.org/fhir/StructureDefinition/implementationguide-page"><valueUri value="StructureDefinition-library-deqm.html"/></extension><reference><reference value="StructureDefinition/library-deqm"/></reference><exampleBoolean value="false"/></resource><resource><extension url="http://hl7.org/fhir/StructureDefinition/implementationguide-page"><valueUri value="CapabilityStatement-server.html"/></extension><reference><reference value="CapabilityStatement/server"/></reference><exampleBoolean value="false"/></resource><resource><extension url="http://hl7.org/fhir/StructureDefinition/implementationguide-page"><valueUri value="CapabilityStatement-client.html"/></extension><reference><reference value="CapabilityStatement/client"/></reference><exampleBoolean value="false"/></resource><resource><extension url="http://hl7.org/fhir/StructureDefinition/implementationguide-page"><valueUri value="StructureDefinition-library-deqm.html"/></extension><reference><reference value="StructureDefinition/library-deqm"/></reference><name value="profile-library-deqm"/><package value="profile-library-deqm-spreadsheet.xml"/></resource><resource><extension url="http://hl7.org/fhir/StructureDefinition/implementationguide-page"><valueUri value="StructureDefinition-measure-deqm.html"/></extension><reference><reference value="StructureDefinition/measure-deqm"/></reference><name value="profile-measure-deqm"/><package value="profile-measure-deqm-spreadsheet.xml"/></resource><resource><extension url="http://hl7.org/fhir/StructureDefinition/implementationguide-page"><valueUri value="StructureDefinition-measurereport-deqm.html"/></extension><reference><reference value="StructureDefinition/measurereport-deqm"/></reference><name value="profile-measurereport-deqm"/><package value="profile-measurereport-deqm-spreadsheet.xml"/></resource><resource><extension url="http://hl7.org/fhir/StructureDefinition/implementationguide-page"><valueUri value="StructureDefinition-extension-measureSubscription.html"/></extension><reference><reference value="StructureDefinition/extension-measureSubscription"/></reference><name value="The extension modifies the `criteria`  definiton to be a Measure instance id."/><package value="profile-subcription-deqm-spreadsheet.xml"/></resource><resource><extension url="http://hl7.org/fhir/StructureDefinition/implementationguide-page"><valueUri value="StructureDefinition-subscription-deqm.html"/></extension><reference><reference value="StructureDefinition/subscription-deqm"/></reference><name value="profile-subscription-deqm"/><package value="profile-subcription-deqm-spreadsheet.xml"/></resource><page><nameUrl value="index.md"/><title value="Data Exchange For Quality Measures R4 Artifacts Homepage"/><generation value="markdown"/></page></definition></ImplementationGuide>