<?xml version="1.0" encoding="UTF-8"?><ImplementationGuide xmlns="http://hl7.org/fhir"><id value="ig"/><text><status value="generated"/><div xmlns="http://www.w3.org/1999/xhtml"><h2>Data Exchange For Quality Measures R4 Artifacts</h2><p>The official URL for this implementation guide is: </p><pre>http://hl7.org/fhir/us/davinci-deqm-r4/ImplementationGuide/ig</pre></div></text><url value="http://hl7.org/fhir/us/davinci-deqm-r4/ImplementationGuide/ig"/><version value="0.0.0"/><name value="Data Exchange For Quality Measures R4 Artifacts"/><status value="draft"/><publisher value="DaVinci Project"/><copyright value="Used by permission of DaVinci Project, all rights reserved Creative Commons License"/><packageId value="hl7.fhir.davinci.deqm.r4"/><license value="CC0-1.0"/><fhirVersion value="3.4.0"/><definition><package id="template-profile-spreadsheet.xml"><name value="Template-basic"/></package><resource><extension url="http://hl7.org/fhir/StructureDefinition/implementationguide-page"><valueUri value="ValueSet-blah-codes.html"/></extension><reference><reference value="ValueSet/blah-codes"/></reference><exampleBoolean value="false"/></resource><resource><extension url="http://hl7.org/fhir/StructureDefinition/implementationguide-page"><valueUri value="StructureDefinition-template-basic.html"/></extension><reference><reference value="StructureDefinition/template-basic"/></reference><exampleBoolean value="false"/></resource><resource><extension url="http://hl7.org/fhir/StructureDefinition/implementationguide-page"><valueUri value="CodeSystem-blah-codes.html"/></extension><reference><reference value="CodeSystem/blah-codes"/></reference><exampleBoolean value="false"/></resource><resource><extension url="http://hl7.org/fhir/StructureDefinition/implementationguide-page"><valueUri value="StructureDefinition-template-basic.html"/></extension><reference><reference value="StructureDefinition/template-basic"/></reference><name value="Template-basic"/><package value="template-profile-spreadsheet.xml"/></resource><page><nameUrl value="index.md"/><title value="Data Exchange For Quality Measures R4 Artifacts Homepage"/><generation value="markdown"/></page></definition></ImplementationGuide>