"Path","Slice Name","Alias(s)","Label","Min","Max","Must Support?","Is Modifier?","Is Summary?","Type(s)","Short","Definition","Comments","Requirements","Default Value","Meaning When Missing","Fixed Value","Pattern","Example","Minimum Value","Maximum Value","Maximum Length","Binding Strength","Binding Description","Binding Value Set","Code","Slicing Discriminator","Slicing Description","Slicing Ordered","Slicing Rules","Base Path","Base Min","Base Max","Condition(s)","Constraint(s)","Mapping: RIM Mapping","Mapping: Workflow Pattern","Mapping: FiveWs Pattern","Mapping: Object Implementation Information"
"Library","","","",0,*,"","","","","Represents a library of quality improvement components","The Library resource is a general-purpose container for knowledge asset definitions. It can be used to describe and expose existing knowledge assets such as logic libraries and information model descriptions, as well as to describe a collection of knowledge assets.","","","","","","","","","",,,,,"",,,,"Library",0,*,"","dom-2:If the resource is contained in another resource, it SHALL NOT contain nested Resources {contained.contained.empty()}
dom-4:If a resource is contained in another resource, it SHALL NOT have a meta.versionId or a meta.lastUpdated {contained.meta.versionId.empty() and contained.meta.lastUpdated.empty()}dom-3:If the resource is contained in another resource, it SHALL be referred to from elsewhere in the resource or SHALL refer to the containing resource {contained.where((('#'+id in (%resource.descendants().reference | %resource.descendants().as(canonical) | %resource.descendants().as(uri) | %resource.descendants().as(url))) or descendants().where(reference = '#').exists() or descendants().where(as(canonical) = '#').exists() or descendants().where(as(canonical) = '#').exists()).not()).trace('unmatched', id).empty()}dom-6:A resource should have narrative for robust management {text.div.exists()}dom-5:If a resource is contained in another resource, it SHALL NOT have a security label {contained.meta.security.empty()}lib-0:Name should be usable as an identifier for the module by machine processing applications such as code generation {name.matches('[A-Z]([A-Za-z0-9_]){0,254}')}","Entity. Role, or Act","Act[classCode=GROUPER;moodCode=EVN]"
"Library.id","","","",0,1,"","","Y","id {[]} {[]}
","Logical id of this artifact","The logical id of the resource, as used in the URL for the resource. Once assigned, this value never changes.","The only time that a resource does not have an id is when it is being submitted to the server using a create operation.","","","","","","","","",,,,,"",,,,"Resource.id",0,1,"",""
"Library.meta","","","",0,1,"","","Y","Meta {[]} {[]}
","Metadata about the resource","The metadata about the resource. This is content that is maintained by the infrastructure. Changes to the content might not always be associated with version changes to the resource.","","","","","","","","","",,,,,"",,,,"Resource.meta",0,1,"",""
"Library.implicitRules","","","",0,1,"","Y","Y","uri {[]} {[]}
","A set of rules under which this content was created","A reference to a set of rules that were followed when the resource was constructed, and which must be understood when processing the content. Often, this is a reference to an implementation guide that defines the special rules along with other profiles etc.","Asserting this rule set restricts the content to be only understood by a limited set of trading partners. This inherently limits the usefulness of the data in the long term. However, the existing health eco-system is highly fractured, and not yet ready to define, collect, and exchange data in a generally computable sense. Wherever possible, implementers and/or specification writers should avoid using this element. Often, when used, the URL is a reference to an implementation guide that defines these special rules as part of it's narrative along with other profiles, value sets, etc.","","","","","","","","",,,,,"",,,,"Resource.implicitRules",0,1,"",""
"Library.language","","","",0,1,"","","","code {[]} {[]}
","Language of the resource content","The base language in which the resource is written.","Language is provided to support indexing and accessibility (typically, services such as text to speech use the language tag). The html language tag in the narrative applies  to the narrative. The language tag on the resource may be used to specify the language of other presentations generated from the data in the resource. Not all the content has to be in the base language. The Resource.language should not be assumed to apply to the narrative automatically. If a language is specified, it should it also be specified on the div element in the html (see rules in HTML5 for information about the relationship between xml:lang and the html lang attribute).","","","","","","","","",,"preferred","A human language.","http://hl7.org/fhir/ValueSet/languages","",,,,"Resource.language",0,1,"",""
"Library.text","","narrative
htmlxhtmldisplay","",0,1,"","","","Narrative {[]} {[]}
","Text summary of the resource, for human interpretation","A human-readable narrative that contains a summary of the resource and can be used to represent the content of the resource to a human. The narrative need not encode all the structured data, but is required to contain sufficient detail to make it ""clinically safe"" for a human to just read the narrative. Resource definitions may define what content should be represented in the narrative to ensure clinical safety.","Contained resources do not have narrative. Resources that are not contained SHOULD have a narrative. In some cases, a resource may only have text with little or no additional discrete data (as long as all minOccurs=1 elements are satisfied).  This may be necessary for data from legacy systems where information is captured as a ""text blob"" or where text is additionally entered raw or narrated and encoded information is added later.","","","","","","","","",,,,,"",,,,"DomainResource.text",0,1,"","","Act.text?"
"Library.contained","","inline resources
anonymous resourcescontained resources","",0,*,"","","","Resource {[]} {[]}
","Contained, inline Resources","These resources do not have an independent existence apart from the resource that contains them - they cannot be identified independently, and nor can they have their own independent transaction scope.","This should never be done when the content can be identified properly, as once identification is lost, it is extremely difficult (and context dependent) to restore it again. Contained resources may have profiles and tags In their meta elements, but SHALL NOT have security labels.","","","","","","","","",,,,,"",,,,"DomainResource.contained",0,*,"","","N/A"
"Library.extension","","extensions
user content","",0,*,"","","","Extension {[]} {[]}
","Additional Content defined by implementations","May be used to represent additional information that is not part of the basic definition of the resource. To make the use of extensions safe and manageable, there is a strict set of governance  applied to the definition and use of extensions. Though any implementer can define an extension, there is a set of requirements that SHALL be met as part of the definition of the extension.","There can be no stigma associated with the use of extensions by any application, project, or standard - regardless of the institution or jurisdiction that uses or defines the extensions.  The use of extensions is what allows the FHIR specification to retain a core level of simplicity for everyone.","","","","","","","","",,,,,"",,,,"DomainResource.extension",0,*,"","","N/A"
"Library.modifierExtension","","extensions
user content","",0,*,"","Y","","Extension {[]} {[]}
","Extensions that cannot be ignored","May be used to represent additional information that is not part of the basic definition of the resource, and that modifies the understanding of the element that contains it. Usually modifier elements provide negation or qualification. To make the use of extensions safe and manageable, there is a strict set of governance applied to the definition and use of extensions. Though any implementer is allowed to define an extension, there is a set of requirements that SHALL be met as part of the definition of the extension. Applications processing a resource are required to check for modifier extensions.

Modifier extensions SHALL NOT change the meaning of any elements on Resource or DomainResource (including cannot change the meaning of modifierExtension itself).","There can be no stigma associated with the use of extensions by any application, project, or standard - regardless of the institution or jurisdiction that uses or defines the extensions.  The use of extensions is what allows the FHIR specification to retain a core level of simplicity for everyone.","","","","","","","","",,,,,"",,,,"DomainResource.modifierExtension",0,*,"","","N/A"
"Library.url","","","",1,1,"Y","","Y","uri {[]} {[]}
","Canonical identifier for this library, represented as a URI (globally unique)","An absolute URI that is used to identify this library when it is referenced in a specification, model, design or an instance; also called its canonical identifier. This SHOULD be globally unique and SHOULD be a literal address at which at which an authoritative instance of this library is (or will be) published. This URL can be the target of a canonical reference. It SHALL remain the same when the library is stored on different servers.","Can be a urn:uuid: or a urn:oid: but real http: addresses are preferred.  Multiple instances may share the same URL if they have a distinct version.

The determination of when to create a new version of a resource (same url, new version) vs. defining a new artifact is up to the author.  Considerations for making this decision are found in [Technical and Business Versions](resource.html#versions).","A published library must have a canonical url defined.","","","","","","","",,,,,"",,,,"Library.url",0,1,"","",".identifier[scope=BUSN;reliability=ISS]","Definition.url","FiveWs.identifier"
"Library.identifier","","","",1,*,"Y","","Y","Identifier {[]} {[]}
","Additional identifier for the library","A formal identifier that is used to identify this library when it is represented in other formats, or referenced in a specification, model, design or an instance. e.g. CMS or NQF identifiers for a measure artifact. Note that at least one identifier is required for non-experimental active artifacts.","Typically, this is used for identifiers that can go in an HL7 V3 II (instance identifier) data type, and can then identify this library outside of FHIR, where it is not possible to use the logical URI.","A published library must have at least one identifier defined.","","","","","","","",,,,,"",,,,"Library.identifier",0,*,"","",".identifier","Definition.identifier","FiveWs.identifier","no-gen-base"
"Library.version","","","",1,1,"Y","","Y","string {[]} {[]}
","Business version of the library","The identifier that is used to identify this version of the library when it is referenced in a specification, model, design or instance. This is an arbitrary value managed by the library author and is not expected to be globally unique. For example, it might be a timestamp (e.g. yyyymmdd) if a managed version is not available. There is also no expectation that versions can be placed in a lexicographical sequence. To provide a version consistent with the Decision Support Service specification, use the format Major.Minor.Revision (e.g. 1.0.0). For more information on versioning knowledge assets, refer to the Decision Support Service specification. Note that a version is required for non-experimental active artifacts.","There may be different library instances that have the same identifier but different versions.  The version can be appended to the url in a reference to allow a reference to a particular business version of the library with the format [url]|[version].","A published library must specify a content version.","","","","","","","",,,,,"",,,,"Library.version",0,1,"","","N/A (to add?)","Definition.version","FiveWs.version"
"Library.name","","","",1,1,"Y","","Y","string {[]} {[]}
","Name for this library (computer friendly)","A natural language name identifying the library. This name should be usable as an identifier for the module by machine processing applications such as code generation.","The name is not expected to be globally unique. The name should be a simple alphanumeric type name to ensure that it is machine-processing friendly.","A published library must specify a valid, machine-friendly name.","","","","","","","",,,,,"",,,,"Library.name",0,1,"inv-0
","","N/A"
"Library.title","","","",1,1,"Y","","Y","string {[]} {[]}
","Name for this library (human friendly)","A short, descriptive, user-friendly title for the library.","This name does not need to be machine-processing friendly and may contain punctuation, white-space, etc.","A published library must specify a human-friendly title.","","","","","","","",,,,,"",,,,"Library.title",0,1,"","",".title","Definition.title"
"Library.subtitle","","","",0,1,"","","","string {[]} {[]}
","Subordinate title of the library","An explanatory or alternate title for the library giving additional information about its content.","","","","","","","","","",,,,,"",,,,"Library.subtitle",0,1,"",""
"Library.status","","","",1,1,"","Y","Y","code {[]} {[]}
","draft | active | retired | unknown","The status of this library. Enables tracking the life-cycle of the content.","Allows filtering of libraries that are appropriate for use vs. not.","","","","","","","","",,"required","The lifecycle status of an artifact.","http://hl7.org/fhir/ValueSet/publication-status","",,,,"Library.status",1,1,"","",".status","Definition.status","FiveWs.status"
"Library.experimental","","","",0,1,"","","Y","boolean {[]} {[]}
","For testing purposes, not real usage","A Boolean value to indicate that this library is authored for testing purposes (or education/evaluation/marketing) and is not intended to be used for genuine usage.","Allows filtering of librarys that are appropriate for use versus not.","Enables experimental content to be developed following the same lifecycle that would be used for a production-level library.","","","","","","","",,,,,"",,,,"Library.experimental",0,1,"","","N/A (to add?)","Definition.experimental","FiveWs.class"
"Library.type","","","",1,1,"","","Y","CodeableConcept {[]} {[]}
","logic-library | model-definition | asset-collection | module-definition","Identifies the type of library such as a Logic Library, Model Definition, Asset Collection, or Module Definition.","","","","","","","","","",,"extensible","The type of knowledge asset this library contains.","http://hl7.org/fhir/ValueSet/library-type","",,,,"Library.type",1,1,"","",".code","FiveWs.what[x]"
"Library.subject[x]","","","",0,1,"","","","CodeableConcept {[]} {[]}
Reference {[]} {[CanonicalType[http://hl7.org/fhir/StructureDefinition/Group]]}","Type of individual the library content is focused on","A code or group definition that describes the intended subject of the contents of the library.","","","","Patient","","","","","",,"extensible","The possible types of subjects for a library (E.g. Patient, Practitioner, Organization, Location, etc.).","http://hl7.org/fhir/ValueSet/subject-type","",,,,"Library.subject[x]",0,1,"",""
"Library.date","","Revision Date
","",1,1,"Y","","Y","dateTime {[]} {[]}
","Date last changed","The date  (and optionally time) when the library was published. The date must change when the business version changes and it must change if the status code changes. In addition, it should change when the substantive content of the library changes.","Note that this is not the same as the resource last-modified-date, since the resource may be a secondary representation of the library. Additional specific dates may be added as extensions or be found by consulting Provenances associated with past versions of the resource.","A published library must specify the date the library content was last changed.","","","","","","","",,,,,"",,,,"Library.date",0,1,"","",".participation[typeCode=AUT].time","Definition.date","FiveWs.recorded"
"Library.publisher","","","",1,1,"Y","","Y","string {[]} {[]}
","Name of the publisher (organization or individual)","The name of the organization or individual that published the library.","Usually an organization but may be an individual. The publisher (or steward) of the library is the organization or individual primarily responsible for the maintenance and upkeep of the library. This is not necessarily the same individual or organization that developed and initially authored the content. The publisher is the primary point of contact for questions or issues with the library. This item SHOULD be populated unless the information is available from context.","A published library must provide publisher information.","","","","","","","",,,,,"",,,,"Library.publisher",0,1,"","",".participation[typeCode=AUT].role","Definition.publisher","FiveWs.witness"
"Library.contact","","","",1,*,"Y","","Y","ContactDetail {[]} {[]}
","Contact details for the publisher","Contact details to assist a user in finding and communicating with the publisher.","May be a web site, an email address, a telephone number, etc.","A published library must provide contact information for the publisher.","","","","","","","",,,,,"",,,,"Library.contact",0,*,"","",".participation[typeCode=CALLBCK].role","Definition.contact"
"Library.description","","","",1,1,"Y","","Y","markdown {[]} {[]}
","Natural language description of the library","A free text natural language description of the library from a consumer's perspective.","This description can be used to capture details such as why the library was built, comments about misuse, instructions for clinical use and interpretation, literature references, examples from the paper world, etc. It is not a rendering of the library as conveyed in the 'text' field of the resource itself. This item SHOULD be populated unless the information is available from context (e.g. the language of the library is presumed to be the predominant language in the place the library was created).","A published library must provide a concise description of the library content.","","","","","","","",,,,,"",,,,"Library.description",0,1,"","",".text","Definition.description"
"Library.useContext","","","",0,*,"Y","","Y","UsageContext {[]} {[]}
","The context that the content is intended to support","The content was developed with a focus and intent of supporting the contexts that are listed. These terms may be used to assist with indexing and searching for appropriate library instances.","When multiple useContexts are specified, there is no expectation that all or any of the contexts apply.","A published library should provide a clear indication of the expected contexts of use for the library content.","","","","","","","",,,,,"",,,,"Library.useContext",0,*,"","","N/A (to add?)","Definition.useContext"
"Library.jurisdiction","","","",0,*,"Y","","Y","CodeableConcept {[]} {[]}
","Intended jurisdiction for library (if applicable)","A legal or geographic region in which the library is intended to be used.","It may be possible for the library to be used in jurisdictions other than those for which it was originally designed or intended.","A published library should indicate intended jurisdictions for the library content.","","","","","","","",,"extensible","Countries and regions within which this artifact is targeted for use.","http://hl7.org/fhir/ValueSet/jurisdiction","",,,,"Library.jurisdiction",0,*,"","","N/A (to add?)","Definition.jurisdiction"
"Library.purpose","","","",0,1,"Y","","","markdown {[]} {[]}
","Why this library is defined","Explanation of why this library is needed and why it has been designed as it has.","This element does not describe the usage of the library. Instead, it provides traceability of ''why'' the resource is either needed or ''why'' it is defined as it is.  This may be used to point to source materials or specifications that drove the structure of this library.","A published library should provide a clear description of the purpose of the library.","","","","","","","",,,,,"",,,,"Library.purpose",0,1,"","",".reasonCode.text","Definition.purpose","FiveWs.why[x]","no-gen-base"
"Library.usage","","","",0,1,"Y","","","string {[]} {[]}
","Describes the clinical usage of the library","A detailed description of how the library is used from a clinical perspective.","","A published library should provide clinical usage notes for the library.","","","","","","","",,,,,"",,,,"Library.usage",0,1,"","","N/A (to add?)"
"Library.copyright","","License
Restrictions","",0,1,"Y","","","markdown {[]} {[]}
","Use and/or publishing restrictions","A copyright statement relating to the library and/or its contents. Copyright statements are generally legal restrictions on the use and publishing of the library.","","A published library should provide copyright information for the library content.","","","","","","","",,,,,"",,,,"Library.copyright",0,1,"","","N/A (to add?)","Definition.copyright","no-gen-base"
"Library.approvalDate","","","",1,1,"Y","","","date {[]} {[]}
","When the library was approved by publisher","The date on which the resource content was approved by the publisher. Approval happens once when the content is officially approved for usage.","The 'date' element may be more recent than the approval date because of minor changes or editorial corrections.","A published library must indicate the date the library content was approved by the publisher.","","","","","","","",,,,,"",,,,"Library.approvalDate",0,1,"","",".outboundRelationship[typeCode=""SUBJ""].act[classCode=CACT;moodCode=EVN;code=""approval""].effectiveTime","Definition.approvalDate","no-gen-base"
"Library.lastReviewDate","","","",1,1,"Y","","","date {[]} {[]}
","When the library was last reviewed","The date on which the resource content was last reviewed. Review happens periodically after approval but does not change the original approval date.","If specified, this date follows the original approval date.","A published library must indicate when the library content was last reviewed.","","","","","","","",,,,,"",,,,"Library.lastReviewDate",0,1,"","",".outboundRelationship[typeCode=""SUBJ""; subsetCode=""RECENT""].act[classCode=CACT;moodCode=EVN;code=""review""].effectiveTime","Definition.lastReviewDate","no-gen-base"
"Library.effectivePeriod","","","",0,1,"Y","","Y","Period {[]} {[]}
","When the library is expected to be used","The period during which the library content was or is planned to be in active use.","The effective period for a library  determines when the content is applicable for usage and is independent of publication and review dates. For example, a measure intended to be used for the year 2016 might be published in 2015.","A published library should provide an indication of the period during which the library content can be effectively applied.","","","","","","","",,,,,"",,,,"Library.effectivePeriod",0,1,"","","N/A (to add?)","Definition.effectivePeriod","no-gen-base"
"Library.topic","","","",0,*,"Y","","","CodeableConcept {[]} {[]}
","E.g. Education, Treatment, Assessment, etc.","Descriptive topics related to the content of the library. Topics provide a high-level categorization of the library that can be useful for filtering and searching.","","A published library should provide relevant topics for the library content.","","","","","","","",,"example","High-level categorization of the definition, used for searching, sorting, and filtering.","http://hl7.org/fhir/ValueSet/definition-topic","",,,,"Library.topic",0,*,"","","N/A (to add?)"
"Library.author","","","",0,*,"Y","","","ContactDetail {[]} {[]}
","Who authored the content","An individiual or organization primarily involved in the creation and maintenance of the content.","","A published library should provide information on the author of the library content.","","","","","","","",,,,,"",,,,"Library.author",0,*,"","",".participation[typeCode=AUT]"
"Library.editor","","","",0,*,"Y","","","ContactDetail {[]} {[]}
","Who edited the content","An individual or organization primarily responsible for internal coherence of the content.","","A published library should provide information on the editor the library content.","","","","","","","",,,,,"",,,,"Library.editor",0,*,"",""
"Library.reviewer","","","",0,*,"Y","","","ContactDetail {[]} {[]}
","Who reviewed the content","An individual or organization primarily responsible for review of some aspect of the content.","","A published library should provide information on the reviewer of the library content.","","","","","","","",,,,,"",,,,"Library.reviewer",0,*,"","",".participation[typeCode=VRF] {not clear whether VRF best corresponds to reviewer or endorser}"
"Library.endorser","","","",0,*,"Y","","","ContactDetail {[]} {[]}
","Who endorsed the content","An individual or organization responsible for officially endorsing the content for use in some setting.","","A published library should provide information on the endorser of the library content.","","","","","","","",,,,,"",,,,"Library.endorser",0,*,"","",".participation[typeCode=VRF] {not clear whether VRF best corresponds to reviewer or endorser}"
"Library.relatedArtifact","","","",0,*,"Y","","","RelatedArtifact {[]} {[]}
","Additional documentation, citations, etc.","Related artifacts such as additional documentation, justification, or bibliographic references.","Each related artifact is either an attachment, or a reference to another resource, but not both.","A published library should provide related information such as supporting evidence, citations, and documentation.","","","","","","","",,,,,"",,,,"Library.relatedArtifact",0,*,"","",".outboundRelationship[typeCode=DOC,RSON,PREV, DRIV, USE, COMP] {successor would be PREV w/ inversionInd=true; No support for citation}"
"Library.parameter","","","",0,*,"Y","","","ParameterDefinition {[]} {[]}
","Parameters defined by the library","The parameter element defines parameters used by the library.","","A published library should provide a description of any parameters defined by the library.","","","","","","","",,,,,"",,,,"Library.parameter",0,*,"","","N/A (to add?)"
"Library.dataRequirement","","","",0,*,"Y","","","DataRequirement {[]} {[]}
","What data is referenced by this library","Describes a set of data that must be provided in order to be able to successfully perform the computations defined by the library.","","A published library should provide a description of the data requirements for logic contained in the library.","","","","","","","",,,,,"",,,,"Library.dataRequirement",0,*,"","","N/A (to add?)"
"Library.content","","","",1,*,"Y","","","Attachment {[]} {[]}
","Contents of the library, either embedded or referenced","The content of the library as an Attachment. The content may be a reference to a url, or may be directly embedded as a base-64 string. Either way, the contentType of the attachment determines how to interpret the content.","","A published library must provide the contents of the library in at least one media format.","","","","","","","",,,,,"",,,,"Library.content",0,*,"","",".text"
