"Path","Slice Name","Alias(s)","Label","Min","Max","Must Support?","Is Modifier?","Is Summary?","Type(s)","Short","Definition","Comments","Requirements","Default Value","Meaning When Missing","Fixed Value","Pattern","Example","Minimum Value","Maximum Value","Maximum Length","Binding Strength","Binding Description","Binding Value Set","Code","Slicing Discriminator","Slicing Description","Slicing Ordered","Slicing Rules","Base Path","Base Min","Base Max","Condition(s)","Constraint(s)","Mapping: Workflow Pattern","Mapping: FiveWs Pattern","Mapping: RIM Mapping"
"MeasureReport","","","",0,*,"","","","","Results of a measure evaluation","The MeasureReport resource contains the results of the calculation of a measure; and optionally a reference to the resources involved in that calculation.","","","","","","","","","",,,,,"",,,,"MeasureReport",0,*,"","dom-2:If the resource is contained in another resource, it SHALL NOT contain nested Resources {contained.contained.empty()}
dom-4:If a resource is contained in another resource, it SHALL NOT have a meta.versionId or a meta.lastUpdated {contained.meta.versionId.empty() and contained.meta.lastUpdated.empty()}dom-3:If the resource is contained in another resource, it SHALL be referred to from elsewhere in the resource or SHALL refer to the containing resource {contained.where((('#'+id in (%resource.descendants().reference | %resource.descendants().as(canonical) | %resource.descendants().as(uri) | %resource.descendants().as(url))) or descendants().where(reference = '#').exists() or descendants().where(as(canonical) = '#').exists() or descendants().where(as(canonical) = '#').exists()).not()).trace('unmatched', id).empty()}dom-6:A resource should have narrative for robust management {text.div.exists()}dom-5:If a resource is contained in another resource, it SHALL NOT have a security label {contained.meta.security.empty()}mrp-1:Measure Reports used for data collection SHALL NOT communicate group and score information {(type != 'data-collection') or group.exists().not()}","Event","Entity. Role, or Act"
"MeasureReport.id","","","",0,1,"","","Y","id {[]} {[]}
","Logical id of this artifact","The logical id of the resource, as used in the URL for the resource. Once assigned, this value never changes.","The only time that a resource does not have an id is when it is being submitted to the server using a create operation.","","","","","","","","",,,,,"",,,,"Resource.id",0,1,"",""
"MeasureReport.meta","","","",0,1,"","","Y","Meta {[]} {[]}
","Metadata about the resource","The metadata about the resource. This is content that is maintained by the infrastructure. Changes to the content might not always be associated with version changes to the resource.","","","","","","","","","",,,,,"",,,,"Resource.meta",0,1,"",""
"MeasureReport.implicitRules","","","",0,1,"","Y","Y","uri {[]} {[]}
","A set of rules under which this content was created","A reference to a set of rules that were followed when the resource was constructed, and which must be understood when processing the content. Often, this is a reference to an implementation guide that defines the special rules along with other profiles etc.","Asserting this rule set restricts the content to be only understood by a limited set of trading partners. This inherently limits the usefulness of the data in the long term. However, the existing health eco-system is highly fractured, and not yet ready to define, collect, and exchange data in a generally computable sense. Wherever possible, implementers and/or specification writers should avoid using this element. Often, when used, the URL is a reference to an implementation guide that defines these special rules as part of it's narrative along with other profiles, value sets, etc.","","","","","","","","",,,,,"",,,,"Resource.implicitRules",0,1,"",""
"MeasureReport.language","","","",0,1,"","","","code {[]} {[]}
","Language of the resource content","The base language in which the resource is written.","Language is provided to support indexing and accessibility (typically, services such as text to speech use the language tag). The html language tag in the narrative applies  to the narrative. The language tag on the resource may be used to specify the language of other presentations generated from the data in the resource. Not all the content has to be in the base language. The Resource.language should not be assumed to apply to the narrative automatically. If a language is specified, it should it also be specified on the div element in the html (see rules in HTML5 for information about the relationship between xml:lang and the html lang attribute).","","","","","","","","",,"preferred","A human language.","http://hl7.org/fhir/ValueSet/languages","",,,,"Resource.language",0,1,"",""
"MeasureReport.text","","narrative
htmlxhtmldisplay","",0,1,"","","","Narrative {[]} {[]}
","Text summary of the resource, for human interpretation","A human-readable narrative that contains a summary of the resource and can be used to represent the content of the resource to a human. The narrative need not encode all the structured data, but is required to contain sufficient detail to make it ""clinically safe"" for a human to just read the narrative. Resource definitions may define what content should be represented in the narrative to ensure clinical safety.","Contained resources do not have narrative. Resources that are not contained SHOULD have a narrative. In some cases, a resource may only have text with little or no additional discrete data (as long as all minOccurs=1 elements are satisfied).  This may be necessary for data from legacy systems where information is captured as a ""text blob"" or where text is additionally entered raw or narrated and encoded information is added later.","","","","","","","","",,,,,"",,,,"DomainResource.text",0,1,"","","Act.text?"
"MeasureReport.contained","","inline resources
anonymous resourcescontained resources","",0,*,"","","","Resource {[]} {[]}
","Contained, inline Resources","These resources do not have an independent existence apart from the resource that contains them - they cannot be identified independently, and nor can they have their own independent transaction scope.","This should never be done when the content can be identified properly, as once identification is lost, it is extremely difficult (and context dependent) to restore it again. Contained resources may have profiles and tags In their meta elements, but SHALL NOT have security labels.","","","","","","","","",,,,,"",,,,"DomainResource.contained",0,*,"","","N/A"
"MeasureReport.extension","","extensions
user content","",0,*,"","","","Extension {[]} {[]}
","Additional Content defined by implementations","May be used to represent additional information that is not part of the basic definition of the resource. To make the use of extensions safe and manageable, there is a strict set of governance  applied to the definition and use of extensions. Though any implementer can define an extension, there is a set of requirements that SHALL be met as part of the definition of the extension.","There can be no stigma associated with the use of extensions by any application, project, or standard - regardless of the institution or jurisdiction that uses or defines the extensions.  The use of extensions is what allows the FHIR specification to retain a core level of simplicity for everyone.","","","","","","","","",,,,,"",,,,"DomainResource.extension",0,*,"","","N/A"
"MeasureReport.modifierExtension","","extensions
user content","",0,*,"","Y","","Extension {[]} {[]}
","Extensions that cannot be ignored","May be used to represent additional information that is not part of the basic definition of the resource, and that modifies the understanding of the element that contains it. Usually modifier elements provide negation or qualification. To make the use of extensions safe and manageable, there is a strict set of governance applied to the definition and use of extensions. Though any implementer is allowed to define an extension, there is a set of requirements that SHALL be met as part of the definition of the extension. Applications processing a resource are required to check for modifier extensions.

Modifier extensions SHALL NOT change the meaning of any elements on Resource or DomainResource (including cannot change the meaning of modifierExtension itself).","There can be no stigma associated with the use of extensions by any application, project, or standard - regardless of the institution or jurisdiction that uses or defines the extensions.  The use of extensions is what allows the FHIR specification to retain a core level of simplicity for everyone.","","","","","","","","",,,,,"",,,,"DomainResource.modifierExtension",0,*,"","","N/A"
"MeasureReport.identifier","","","",0,*,"","","Y","Identifier {[]} {[]}
","Additional identifier for the MeasureReport","A formal identifier that is used to identify this MeasureReport when it is represented in other formats or referenced in a specification, model, design or an instance.","Typically, this is used for identifiers that can go in an HL7 V3 II data type - e.g. to identify this {{title}} outside of FHIR, where the logical URL is not possible to use.","Allows externally provided and/or usable business identifiers to be easily associated with the module.","","","","","","","",,,,,"",,,,"MeasureReport.identifier",0,*,"","","Event.identifier","FiveWs.identifier"
"MeasureReport.status","","","",1,1,"Y","Y","Y","code {[]} {[]}
","complete | pending | error","The MeasureReport status. No data will be available until the MeasureReport status is complete.","This element is labeled as a modifier because the status contains codes that mark the resource as not currently valid.","","","","","","","","",,"required","","http://hl7.org/fhir/ValueSet/measure-report-status","",,,,"MeasureReport.status",1,1,"","","Event.status","FiveWs.status"
"MeasureReport.type","","","",1,1,"Y","","Y","code {[]} {[]}
","individual | subject-list | summary | data-collection","The type of measure report. This may be an individual report, which provides the score for the measure for an individual member of the population; a subject-listing, which returns the list of members that meet the various criteria in the measure; a summary report, which returns a population count for each of the criteria in the measure; or a data-collection, which enables the MeasureReport to be used to exchange the data-of-interest for a quality measure.","Data-collection reports are used only to communicate data-of-interest for a measure. They do not necessarily include all the data for a particular subject or population, but they may.","For individual quality meaure reporting, this report is constrained to reporting on an individual.","","","<valueCode xmlns=""http://hl7.org/fhir"" value=""individual""/>","","","","",,"required","The type of the measure report.","http://hl7.org/fhir/ValueSet/measure-report-type","",,,,"MeasureReport.type",1,1,"mrp-1
","","Event.code","FiveWs.class"
"MeasureReport.measure","","","",1,1,"Y","","Y","canonical {[]} {[CanonicalType[http://hl7.org/fhir/StructureDefinition/Measure]]}
","Da Vinci Measures","A reference to the Measure that was calculated to produce this report.","","This will indicate the measure being reported on. For example,  the cannonical uri location for the MRP measure.","","","","","","","",,,,,"",,,,"MeasureReport.measure",1,1,"","","Event.instantiatesCanonical","FiveWs.what[x]"
"MeasureReport.subject","","","",1,1,"Y","","Y","Reference {[]} {[CanonicalType[http://hl7.org/fhir/qicore/StructureDefinition/qicore-patient]]}
","What individual(s) the report is for","Optional subject identifying the individual or individuals the report is for.","","","","","","","","","",,,,,"",,,,"MeasureReport.subject",0,1,"","","Event.subject","FiveWs.subject[x]","FiveWs.subject"
"MeasureReport.date","","","",1,1,"Y","","Y","dateTime {[]} {[]}
","When the report was generated","The date this measure report was generated.","","","","","","","","","",,,,,"",,,,"MeasureReport.date",0,1,"","","Event.occurrence[x]","FiveWs.recorded"
"MeasureReport.reporter","","","",1,1,"Y","","Y","Reference {[]} {[CanonicalType[http://hl7.org/fhir/us/davinci-deqm/StructureDefinition/organization-deqm]]}
","The organization where the measure was completed","The organization where the measure was completed.","","","","","","","","","",,,,,"",,,,"MeasureReport.reporter",0,1,"","","Event.performer.actor","FiveWs.source"
"MeasureReport.period","","","",1,1,"Y","","Y","Period {[]} {[]}
","What period the report covers","The reporting period for which the report was calculated.","","","","","","","","","",,,,,"",,,,"MeasureReport.period",1,1,"",""
"MeasureReport.improvementNotation","","","",0,1,"","Y","Y","code {[]} {[]}
","increase | decrease","Whether improvement in the measure is noted by an increase or decrease in the measure score.","This element is typically defined by the measure, but reproduced here to ensure the measure score can be interpreted. The element is labeled as a modifier because it changes the interpretation of the reported measure score.","","","","","","","","",,"required","The improvement notation of the measure report (e.g. increase or decrease).","http://hl7.org/fhir/ValueSet/measure-improvement-notation","",,,,"MeasureReport.improvementNotation",0,1,"",""
"MeasureReport.group","","","",0,*,"","","","BackboneElement {[]} {[]}
","Measure results for each group","The results of the calculation, one for each population group in the measure.","","","","","","","","","",,,,,"",,,,"MeasureReport.group",0,*,"mrp-1
","ele-1:All FHIR elements must have a @value or children {hasValue() or (children().count() > id.count())}
"
"MeasureReport.group.id","","","",0,1,"","","","string {[]} {[]}
","xml:id (or equivalent in JSON)","Unique id for the element within a resource (for internal references). This may be any string value that does not contain spaces.","","","","","","","","","",,,,,"",,,,"Element.id",0,1,"","","n/a"
"MeasureReport.group.extension","","extensions
user content","",0,*,"","","","Extension {[]} {[]}
","Additional content defined by implementations","May be used to represent additional information that is not part of the basic definition of the element. To make the use of extensions safe and manageable, there is a strict set of governance  applied to the definition and use of extensions. Though any implementer can define an extension, there is a set of requirements that SHALL be met as part of the definition of the extension.","There can be no stigma associated with the use of extensions by any application, project, or standard - regardless of the institution or jurisdiction that uses or defines the extensions.  The use of extensions is what allows the FHIR specification to retain a core level of simplicity for everyone.","","","","","","","","",,,,,"",,,,"Element.extension",0,*,"","","n/a"
"MeasureReport.group.modifierExtension","","extensions
user contentmodifiers","",0,*,"","Y","Y","Extension {[]} {[]}
","Extensions that cannot be ignored if unrecognized","May be used to represent additional information that is not part of the basic definition of the element and that modifies the understanding of the element in which it is contained. Usually modifier elements provide negation or qualification. To make the use of extensions safe and manageable, there is a strict set of governance applied to the definition and use of extensions. Though any implementer can define an extension, there is a set of requirements that SHALL be met as part of the definition of the extension. Applications processing a resource are required to check for modifier extensions.

Modifier extensions SHALL NOT change the meaning of any elements on Resource or DomainResource (including cannot change the meaning of modifierExtension itself).","There can be no stigma associated with the use of extensions by any application, project, or standard - regardless of the institution or jurisdiction that uses or defines the extensions.  The use of extensions is what allows the FHIR specification to retain a core level of simplicity for everyone.","","","","","","","","",,,,,"",,,,"BackboneElement.modifierExtension",0,*,"","","N/A"
"MeasureReport.group.code","","","",0,1,"","","Y","CodeableConcept {[]} {[]}
","Meaning of the group","The meaning of the population group as defined in the measure definition.","","","","","","","","","",,,,,"",,,,"MeasureReport.group.code",0,1,"",""
"MeasureReport.group.population","","","",0,*,"","","","BackboneElement {[]} {[]}
","The populations in the group","The populations that make up the population group, one for each type of population appropriate for the measure.","","","","","","","","","",,,,,"",,,,"MeasureReport.group.population",0,*,"","ele-1:All FHIR elements must have a @value or children {hasValue() or (children().count() > id.count())}
"
"MeasureReport.group.population.id","","","",0,1,"","","","string {[]} {[]}
","xml:id (or equivalent in JSON)","Unique id for the element within a resource (for internal references). This may be any string value that does not contain spaces.","","","","","","","","","",,,,,"",,,,"Element.id",0,1,"","","n/a"
"MeasureReport.group.population.extension","","extensions
user content","",0,*,"","","","Extension {[]} {[]}
","Additional content defined by implementations","May be used to represent additional information that is not part of the basic definition of the element. To make the use of extensions safe and manageable, there is a strict set of governance  applied to the definition and use of extensions. Though any implementer can define an extension, there is a set of requirements that SHALL be met as part of the definition of the extension.","There can be no stigma associated with the use of extensions by any application, project, or standard - regardless of the institution or jurisdiction that uses or defines the extensions.  The use of extensions is what allows the FHIR specification to retain a core level of simplicity for everyone.","","","","","","","","",,,,,"",,,,"Element.extension",0,*,"","","n/a"
"MeasureReport.group.population.modifierExtension","","extensions
user contentmodifiers","",0,*,"","Y","Y","Extension {[]} {[]}
","Extensions that cannot be ignored if unrecognized","May be used to represent additional information that is not part of the basic definition of the element and that modifies the understanding of the element in which it is contained. Usually modifier elements provide negation or qualification. To make the use of extensions safe and manageable, there is a strict set of governance applied to the definition and use of extensions. Though any implementer can define an extension, there is a set of requirements that SHALL be met as part of the definition of the extension. Applications processing a resource are required to check for modifier extensions.

Modifier extensions SHALL NOT change the meaning of any elements on Resource or DomainResource (including cannot change the meaning of modifierExtension itself).","There can be no stigma associated with the use of extensions by any application, project, or standard - regardless of the institution or jurisdiction that uses or defines the extensions.  The use of extensions is what allows the FHIR specification to retain a core level of simplicity for everyone.","","","","","","","","",,,,,"",,,,"BackboneElement.modifierExtension",0,*,"","","N/A"
"MeasureReport.group.population.code","","","",0,1,"","","Y","CodeableConcept {[]} {[]}
","initial-population | numerator | numerator-exclusion | denominator | denominator-exclusion | denominator-exception | measure-population | measure-population-exclusion | measure-observation","The type of the population.","","","","","","","","","",,"extensible","The type of population (e.g. initial, numerator, denominator, etc.).","http://hl7.org/fhir/ValueSet/measure-population","",,,,"MeasureReport.group.population.code",0,1,"",""
"MeasureReport.group.population.count","","","",0,1,"","","","integer {[]} {[]}
","Size of the population","The number of members of the population.","","","","","","","","","",,,,,"",,,,"MeasureReport.group.population.count",0,1,"",""
"MeasureReport.group.population.subjectResults","","","",0,1,"","","","Reference {[]} {[CanonicalType[http://hl7.org/fhir/StructureDefinition/List]]}
","For subject-list reports, the subject results in this population","This element refers to a List of subject level MeasureReport resources, one for each subject in this population.","","","","","","","","","",,,,,"",,,,"MeasureReport.group.population.subjectResults",0,1,"",""
"MeasureReport.group.measureScore","","","",0,1,"","","Y","Quantity {[]} {[]}
","What score this group achieved","The measure score for this population group, calculated as appropriate for the measure type and scoring method, and based on the contents of the populations defined in the group.","","","","","","","","","",,,,,"",,,,"MeasureReport.group.measureScore",0,1,"",""
"MeasureReport.group.stratifier","","","",0,*,"","","","BackboneElement {[]} {[]}
","Stratification results","When a measure includes multiple stratifiers, there will be a stratifier group for each stratifier defined by the measure.","","","","","","","","","",,,,,"",,,,"MeasureReport.group.stratifier",0,*,"","ele-1:All FHIR elements must have a @value or children {hasValue() or (children().count() > id.count())}
"
"MeasureReport.group.stratifier.id","","","",0,1,"","","","string {[]} {[]}
","xml:id (or equivalent in JSON)","Unique id for the element within a resource (for internal references). This may be any string value that does not contain spaces.","","","","","","","","","",,,,,"",,,,"Element.id",0,1,"","","n/a"
"MeasureReport.group.stratifier.extension","","extensions
user content","",0,*,"","","","Extension {[]} {[]}
","Additional content defined by implementations","May be used to represent additional information that is not part of the basic definition of the element. To make the use of extensions safe and manageable, there is a strict set of governance  applied to the definition and use of extensions. Though any implementer can define an extension, there is a set of requirements that SHALL be met as part of the definition of the extension.","There can be no stigma associated with the use of extensions by any application, project, or standard - regardless of the institution or jurisdiction that uses or defines the extensions.  The use of extensions is what allows the FHIR specification to retain a core level of simplicity for everyone.","","","","","","","","",,,,,"",,,,"Element.extension",0,*,"","","n/a"
"MeasureReport.group.stratifier.modifierExtension","","extensions
user contentmodifiers","",0,*,"","Y","Y","Extension {[]} {[]}
","Extensions that cannot be ignored if unrecognized","May be used to represent additional information that is not part of the basic definition of the element and that modifies the understanding of the element in which it is contained. Usually modifier elements provide negation or qualification. To make the use of extensions safe and manageable, there is a strict set of governance applied to the definition and use of extensions. Though any implementer can define an extension, there is a set of requirements that SHALL be met as part of the definition of the extension. Applications processing a resource are required to check for modifier extensions.

Modifier extensions SHALL NOT change the meaning of any elements on Resource or DomainResource (including cannot change the meaning of modifierExtension itself).","There can be no stigma associated with the use of extensions by any application, project, or standard - regardless of the institution or jurisdiction that uses or defines the extensions.  The use of extensions is what allows the FHIR specification to retain a core level of simplicity for everyone.","","","","","","","","",,,,,"",,,,"BackboneElement.modifierExtension",0,*,"","","N/A"
"MeasureReport.group.stratifier.code","","","",0,1,"","","","CodeableConcept {[]} {[]}
","What stratifier of the group","The meaning of this stratifier, as defined in the measure definition.","","","","","","","","","",,,,,"",,,,"MeasureReport.group.stratifier.code",0,1,"",""
"MeasureReport.group.stratifier.stratum","","","",0,*,"","","","BackboneElement {[]} {[]}
","Stratum results, one for each unique value in the stratifier","This element contains the results for a single stratum within the stratifier. For example, when stratifying on administrative gender, there will be four strata, one for each possible gender value.","","","","","","","","","",,,,,"",,,,"MeasureReport.group.stratifier.stratum",0,*,"","ele-1:All FHIR elements must have a @value or children {hasValue() or (children().count() > id.count())}
"
"MeasureReport.group.stratifier.stratum.id","","","",0,1,"","","","string {[]} {[]}
","xml:id (or equivalent in JSON)","Unique id for the element within a resource (for internal references). This may be any string value that does not contain spaces.","","","","","","","","","",,,,,"",,,,"Element.id",0,1,"","","n/a"
"MeasureReport.group.stratifier.stratum.extension","","extensions
user content","",0,*,"","","","Extension {[]} {[]}
","Additional content defined by implementations","May be used to represent additional information that is not part of the basic definition of the element. To make the use of extensions safe and manageable, there is a strict set of governance  applied to the definition and use of extensions. Though any implementer can define an extension, there is a set of requirements that SHALL be met as part of the definition of the extension.","There can be no stigma associated with the use of extensions by any application, project, or standard - regardless of the institution or jurisdiction that uses or defines the extensions.  The use of extensions is what allows the FHIR specification to retain a core level of simplicity for everyone.","","","","","","","","",,,,,"",,,,"Element.extension",0,*,"","","n/a"
"MeasureReport.group.stratifier.stratum.modifierExtension","","extensions
user contentmodifiers","",0,*,"","Y","Y","Extension {[]} {[]}
","Extensions that cannot be ignored if unrecognized","May be used to represent additional information that is not part of the basic definition of the element and that modifies the understanding of the element in which it is contained. Usually modifier elements provide negation or qualification. To make the use of extensions safe and manageable, there is a strict set of governance applied to the definition and use of extensions. Though any implementer can define an extension, there is a set of requirements that SHALL be met as part of the definition of the extension. Applications processing a resource are required to check for modifier extensions.

Modifier extensions SHALL NOT change the meaning of any elements on Resource or DomainResource (including cannot change the meaning of modifierExtension itself).","There can be no stigma associated with the use of extensions by any application, project, or standard - regardless of the institution or jurisdiction that uses or defines the extensions.  The use of extensions is what allows the FHIR specification to retain a core level of simplicity for everyone.","","","","","","","","",,,,,"",,,,"BackboneElement.modifierExtension",0,*,"","","N/A"
"MeasureReport.group.stratifier.stratum.value","","","",1,1,"","","","CodeableConcept {[]} {[]}
","The stratum value, e.g. male","The value for this stratum, expressed as a CodeableConcept. When defining stratifiers on complex values, the value must be rendered such that the value for each stratum within the stratifier is unique.","","","","","","","","","",,,,,"",,,,"MeasureReport.group.stratifier.stratum.value",1,1,"",""
"MeasureReport.group.stratifier.stratum.population","","","",0,*,"","","","BackboneElement {[]} {[]}
","Population results in this stratum","The populations that make up the stratum, one for each type of population appropriate to the measure.","","","","","","","","","",,,,,"",,,,"MeasureReport.group.stratifier.stratum.population",0,*,"","ele-1:All FHIR elements must have a @value or children {hasValue() or (children().count() > id.count())}
"
"MeasureReport.group.stratifier.stratum.population.id","","","",0,1,"","","","string {[]} {[]}
","xml:id (or equivalent in JSON)","Unique id for the element within a resource (for internal references). This may be any string value that does not contain spaces.","","","","","","","","","",,,,,"",,,,"Element.id",0,1,"","","n/a"
"MeasureReport.group.stratifier.stratum.population.extension","","extensions
user content","",0,*,"","","","Extension {[]} {[]}
","Additional content defined by implementations","May be used to represent additional information that is not part of the basic definition of the element. To make the use of extensions safe and manageable, there is a strict set of governance  applied to the definition and use of extensions. Though any implementer can define an extension, there is a set of requirements that SHALL be met as part of the definition of the extension.","There can be no stigma associated with the use of extensions by any application, project, or standard - regardless of the institution or jurisdiction that uses or defines the extensions.  The use of extensions is what allows the FHIR specification to retain a core level of simplicity for everyone.","","","","","","","","",,,,,"",,,,"Element.extension",0,*,"","","n/a"
"MeasureReport.group.stratifier.stratum.population.modifierExtension","","extensions
user contentmodifiers","",0,*,"","Y","Y","Extension {[]} {[]}
","Extensions that cannot be ignored if unrecognized","May be used to represent additional information that is not part of the basic definition of the element and that modifies the understanding of the element in which it is contained. Usually modifier elements provide negation or qualification. To make the use of extensions safe and manageable, there is a strict set of governance applied to the definition and use of extensions. Though any implementer can define an extension, there is a set of requirements that SHALL be met as part of the definition of the extension. Applications processing a resource are required to check for modifier extensions.

Modifier extensions SHALL NOT change the meaning of any elements on Resource or DomainResource (including cannot change the meaning of modifierExtension itself).","There can be no stigma associated with the use of extensions by any application, project, or standard - regardless of the institution or jurisdiction that uses or defines the extensions.  The use of extensions is what allows the FHIR specification to retain a core level of simplicity for everyone.","","","","","","","","",,,,,"",,,,"BackboneElement.modifierExtension",0,*,"","","N/A"
"MeasureReport.group.stratifier.stratum.population.code","","","",0,1,"","","","CodeableConcept {[]} {[]}
","initial-population | numerator | numerator-exclusion | denominator | denominator-exclusion | denominator-exception | measure-population | measure-population-exclusion | measure-observation","The type of the population.","","","","","","","","","",,"extensible","The type of population (e.g. initial, numerator, denominator, etc.).","http://hl7.org/fhir/ValueSet/measure-population","",,,,"MeasureReport.group.stratifier.stratum.population.code",0,1,"",""
"MeasureReport.group.stratifier.stratum.population.count","","","",0,1,"","","","integer {[]} {[]}
","Size of the population","The number of members of the population in this stratum.","","","","","","","","","",,,,,"",,,,"MeasureReport.group.stratifier.stratum.population.count",0,1,"",""
"MeasureReport.group.stratifier.stratum.population.subjectResults","","","",0,1,"","","","Reference {[]} {[CanonicalType[http://hl7.org/fhir/StructureDefinition/List]]}
","For subject-list reports, the subject results in this population","This element refers to a List of subject level MeasureReport resources, one for each subject in this population in this stratum.","","","","","","","","","",,,,,"",,,,"MeasureReport.group.stratifier.stratum.population.subjectResults",0,1,"",""
"MeasureReport.group.stratifier.stratum.measureScore","","","",0,1,"","","","Quantity {[]} {[]}
","What score this stratum achieved","The measure score for this stratum, calculated as appropriate for the measure type and scoring method, and based on only the members of this stratum.","","","","","","","","","",,,,,"",,,,"MeasureReport.group.stratifier.stratum.measureScore",0,1,"",""
"MeasureReport.evaluatedResource","","","",0,*,"Y","","","Reference {[]} {[CanonicalType[http://hl7.org/fhir/StructureDefinition/Resource]]}
","What data was used to calculate the measure score","A reference to a Bundle containing the Resources that were used in the calculation of this measure.","","","","","","","","","",,,,,"",,,,"MeasureReport.evaluatedResource",0,*,"",""
